category,Disk Usage
Sun Jul 19 2026,1757
Sun Jul 19 2026,1757
Sun Jul 19 2026,1757
Sun Jul 19 2026,14579
Sun Jul 19 2026,14579
Sun Jul 19 2026,14579
Sun Jul 19 2026,14579
Sun Jul 19 2026,14579
Sun Jul 19 2026,14579
Sun Jul 19 2026,14579
Sun Jul 19 2026,14579
Sun Jul 19 2026,14579
Sun Jul 19 2026,14579
Sun Jul 19 2026,14579
Sun Jul 19 2026,14579
Sun Jul 19 2026,14579
Sun Jul 19 2026,14579
Sun Jul 19 2026,14579
Sun Jul 19 2026,14579
Sun Jul 19 2026,14579
Sun Jul 19 2026,14579
Sun Jul 19 2026,14579
Sun Jul 19 2026,14579
Sun Jul 19 2026,14579
Sun Jul 19 2026,14579
Sun Jul 19 2026,14579
Sun Jul 19 2026,14579
Sun Jul 19 2026,14579
Sun Jul 19 2026,14579
Sun Jul 19 2026,14579
Sun Jul 19 2026,14579
Sun Jul 19 2026,14579
Sun Jul 19 2026,14579
Sun Jul 19 2026,14579
Sun Jul 19 2026,14579
Sun Jul 19 2026,14579
Sun Jul 19 2026,14579
Sun Jul 19 2026,14579
Sun Jul 19 2026,14579
Sun Jul 19 2026,14579
Sun Jul 19 2026,14579
Sun Jul 19 2026,14579
Sun Jul 19 2026,14579
Sun Jul 19 2026,14579
Sun Jul 19 2026,14579
Sun Jul 19 2026,14579
Sun Jul 19 2026,14579
Sun Jul 19 2026,14579
Sun Jul 19 2026,14579
Sun Jul 19 2026,14579
Sun Jul 19 2026,14579
Sun Jul 19 2026,14579
Sun Jul 19 2026,14579
Sun Jul 19 2026,14579
Sun Jul 19 2026,14579
Sun Jul 19 2026,14579
Sun Jul 19 2026,14579
Sun Jul 19 2026,14579
Sun Jul 19 2026,14579
Sun Jul 19 2026,14579
Sun Jul 19 2026,14579
Sun Jul 19 2026,14579
Sun Jul 19 2026,14579
Sun Jul 19 2026,14579
Sun Jul 19 2026,14579
Sun Jul 19 2026,14579
Sun Jul 19 2026,14579
Sun Jul 19 2026,14579
Sun Jul 19 2026,14579
Sun Jul 19 2026,14579
Sun Jul 19 2026,14579
Sun Jul 19 2026,14579
Sun Jul 19 2026,14579
Sun Jul 19 2026,14579
Sun Jul 19 2026,14579
Sun Jul 19 2026,14579
Sun Jul 19 2026,14579
Sun Jul 19 2026,14579
Sun Jul 19 2026,14579
Sun Jul 19 2026,14579
Sun Jul 19 2026,14579
Sun Jul 19 2026,14579
Sun Jul 19 2026,14579
Sun Jul 19 2026,14579
Sun Jul 19 2026,14579
Sun Jul 19 2026,14579
Sun Jul 19 2026,14579
Sun Jul 19 2026,14579
Sun Jul 19 2026,14579
Sun Jul 19 2026,14579
Sun Jul 19 2026,14579
Sun Jul 19 2026,14579
Sun Jul 19 2026,14579
Sun Jul 19 2026,14579
Sun Jul 19 2026,14579
Sun Jul 19 2026,14579
Sun Jul 19 2026,14579
Sun Jul 19 2026,14579
Sun Jul 19 2026,14579
Sun Jul 19 2026,14579
Sun Jul 19 2026,14579
Sun Jul 19 2026,14579
Sun Jul 19 2026,14579
Sun Jul 19 2026,14579
Sun Jul 19 2026,14579
Sun Jul 19 2026,14579
Sun Jul 19 2026,14579
Sun Jul 19 2026,14579
Sun Jul 19 2026,14579
Sun Jul 19 2026,14579
Sun Jul 19 2026,14579
Sun Jul 19 2026,14579
Sun Jul 19 2026,14579
Sun Jul 19 2026,14579
Sun Jul 19 2026,14579
Sun Jul 19 2026,14579
Sun Jul 19 2026,14579
Sun Jul 19 2026,14579
Sun Jul 19 2026,14579
Sun Jul 19 2026,14579
Sun Jul 19 2026,14579
Sun Jul 19 2026,14579
Sun Jul 19 2026,14579
Sun Jul 19 2026,14579
Sun Jul 19 2026,14579
Sun Jul 19 2026,14579
Sun Jul 19 2026,14579
Sun Jul 19 2026,14579
Sun Jul 19 2026,14579
Sun Jul 19 2026,14579
Sun Jul 19 2026,14579
Sun Jul 19 2026,14579
Sun Jul 19 2026,14579
Sun Jul 19 2026,14579
Sun Jul 19 2026,14579
Sun Jul 19 2026,14579
Sun Jul 19 2026,14579
Sun Jul 19 2026,14579
Sun Jul 19 2026,14579
Sun Jul 19 2026,14579
Sun Jul 19 2026,14579
Sun Jul 19 2026,14579
Sun Jul 19 2026,14579
Sun Jul 19 2026,14579
Sun Jul 19 2026,14579
Sun Jul 19 2026,14579
Sun Jul 19 2026,14579
Sat Jul 18 2026,14579
Sat Jul 18 2026,14579
Sat Jul 18 2026,14579
Sat Jul 18 2026,14579
Sat Jul 18 2026,14579
Sat Jul 18 2026,14579
Sat Jul 18 2026,14579
Sat Jul 18 2026,14579
Sat Jul 18 2026,14579
Sat Jul 18 2026,14579
Sat Jul 18 2026,14579
Sat Jul 18 2026,14579
Sat Jul 18 2026,14579
Sat Jul 18 2026,14579
Sat Jul 18 2026,14579
Sat Jul 18 2026,14579
Sat Jul 18 2026,14579
Sat Jul 18 2026,14579
Sat Jul 18 2026,14579
Sat Jul 18 2026,14579
Sat Jul 18 2026,14579
Sat Jul 18 2026,14579
Sat Jul 18 2026,14579
Sat Jul 18 2026,14579
Sat Jul 18 2026,14579
Sat Jul 18 2026,14579
Sat Jul 18 2026,14579
Sat Jul 18 2026,14579
Sat Jul 18 2026,14579
Sat Jul 18 2026,14579
Sat Jul 18 2026,14579
Sat Jul 18 2026,14579
Sat Jul 18 2026,14579
Sat Jul 18 2026,14579
Sat Jul 18 2026,14579
Sat Jul 18 2026,14579
Sat Jul 18 2026,14579
Sat Jul 18 2026,14579
Sat Jul 18 2026,14579
Sat Jul 18 2026,14579
Sat Jul 18 2026,14579
Sat Jul 18 2026,14579
Sat Jul 18 2026,14579
Sat Jul 18 2026,14579
Sat Jul 18 2026,14579
Sat Jul 18 2026,14579
Sat Jul 18 2026,14579
Sat Jul 18 2026,14579
Sat Jul 18 2026,14579
Sat Jul 18 2026,14579
Sat Jul 18 2026,14579
Sat Jul 18 2026,14579
Sat Jul 18 2026,14579
Sat Jul 18 2026,14579
Sat Jul 18 2026,14579
Sat Jul 18 2026,14579
Sat Jul 18 2026,14579
Sat Jul 18 2026,14579
Sat Jul 18 2026,14579
Sat Jul 18 2026,14579
Sat Jul 18 2026,14579
Sat Jul 18 2026,14579
Sat Jul 18 2026,14579
Sat Jul 18 2026,14579
Sat Jul 18 2026,14579
Sat Jul 18 2026,14579
Sat Jul 18 2026,14579
Sat Jul 18 2026,14579
Sat Jul 18 2026,14579
Sat Jul 18 2026,14579
Sat Jul 18 2026,14579
Sat Jul 18 2026,14579
Sat Jul 18 2026,14579
Sat Jul 18 2026,14579
Sat Jul 18 2026,14579
Sat Jul 18 2026,14579
Sat Jul 18 2026,14579
Sat Jul 18 2026,14579
Sat Jul 18 2026,14579
Sat Jul 18 2026,14579
Sat Jul 18 2026,14579
Sat Jul 18 2026,14579
Sat Jul 18 2026,14579
Sat Jul 18 2026,14579
Sat Jul 18 2026,14579
Sat Jul 18 2026,14579
Sat Jul 18 2026,14579
Sat Jul 18 2026,14579
Sat Jul 18 2026,14579
Sat Jul 18 2026,14579
Sat Jul 18 2026,14579
Sat Jul 18 2026,14579
Sat Jul 18 2026,14579
Sat Jul 18 2026,14579
Sat Jul 18 2026,14579
Sat Jul 18 2026,14579
Sat Jul 18 2026,14579
Sat Jul 18 2026,14579
Sat Jul 18 2026,14579
Sat Jul 18 2026,14579
Sat Jul 18 2026,14579
Sat Jul 18 2026,14579
Sat Jul 18 2026,14579
Sat Jul 18 2026,14579
Sat Jul 18 2026,14579
Sat Jul 18 2026,14579
Sat Jul 18 2026,14579
Sat Jul 18 2026,14579
Sat Jul 18 2026,14579
Sat Jul 18 2026,14579
Sat Jul 18 2026,14579
Sat Jul 18 2026,14579
Sat Jul 18 2026,14579
Sat Jul 18 2026,14579
Sat Jul 18 2026,14579
Sat Jul 18 2026,14579
Sat Jul 18 2026,14579
Sat Jul 18 2026,14579
Sat Jul 18 2026,14579
Sat Jul 18 2026,14579
Sat Jul 18 2026,14579
Sat Jul 18 2026,14579
Sat Jul 18 2026,14579
Sat Jul 18 2026,14579
Sat Jul 18 2026,14579
Sat Jul 18 2026,14579
Sat Jul 18 2026,14579
Sat Jul 18 2026,14579
Sat Jul 18 2026,14579
Sat Jul 18 2026,14579
Sat Jul 18 2026,14579
Sat Jul 18 2026,14579
Sat Jul 18 2026,14579
Sat Jul 18 2026,14579
Sat Jul 18 2026,14579
Sat Jul 18 2026,14579
Sat Jul 18 2026,14579
Sat Jul 18 2026,14579
Sat Jul 18 2026,14579
Sat Jul 18 2026,14579
Sat Jul 18 2026,14579
Sat Jul 18 2026,14579
Sat Jul 18 2026,14579
Sat Jul 18 2026,14579
Sat Jul 18 2026,14579
Sat Jul 18 2026,14579
Sat Jul 18 2026,14579
Sat Jul 18 2026,14579
Sat Jul 18 2026,14579
Sat Jul 18 2026,14579
Sat Jul 18 2026,14579
Sat Jul 18 2026,14579
Sat Jul 18 2026,14579
Sat Jul 18 2026,14579
Sat Jul 18 2026,14579
Sat Jul 18 2026,14579
Sat Jul 18 2026,14579
Sat Jul 18 2026,14579
Sat Jul 18 2026,14579
Sat Jul 18 2026,14579
Sat Jul 18 2026,14579
Sat Jul 18 2026,14579
Sat Jul 18 2026,14579
Sat Jul 18 2026,14579
Sat Jul 18 2026,14579
Sat Jul 18 2026,14579
Sat Jul 18 2026,14579
Sat Jul 18 2026,14579
Sat Jul 18 2026,14579
Sat Jul 18 2026,14579
Sat Jul 18 2026,14579
Sat Jul 18 2026,14579
Sat Jul 18 2026,14579
Sat Jul 18 2026,14579
Sat Jul 18 2026,14579
Sat Jul 18 2026,14579
Sat Jul 18 2026,14579
Sat Jul 18 2026,14579
Sat Jul 18 2026,14579
Sat Jul 18 2026,14579
Sat Jul 18 2026,14579
Sat Jul 18 2026,14579
Sat Jul 18 2026,14579
Sat Jul 18 2026,14579
Sat Jul 18 2026,14579
Sat Jul 18 2026,14579
Sat Jul 18 2026,14579
Sat Jul 18 2026,14579
Sat Jul 18 2026,14579
Sat Jul 18 2026,14579
Sat Jul 18 2026,14579
Sat Jul 18 2026,14579
Fri Jul 17 2026,14579
Fri Jul 17 2026,14579
Fri Jul 17 2026,14579
Fri Jul 17 2026,14579
Fri Jul 17 2026,14579
Fri Jul 17 2026,14579
Fri Jul 17 2026,14579
Fri Jul 17 2026,14579
Fri Jul 17 2026,14579
Fri Jul 17 2026,14579
Fri Jul 17 2026,14579
Fri Jul 17 2026,14579
Fri Jul 17 2026,14579
Fri Jul 17 2026,14579
Fri Jul 17 2026,14579
Fri Jul 17 2026,14579
Fri Jul 17 2026,14579
Fri Jul 17 2026,14579
Fri Jul 17 2026,14579
Fri Jul 17 2026,14579
Fri Jul 17 2026,14579
Fri Jul 17 2026,14579
Fri Jul 17 2026,14579
Fri Jul 17 2026,14579
Fri Jul 17 2026,14579
Fri Jul 17 2026,14579
Fri Jul 17 2026,14579
Fri Jul 17 2026,14579
Fri Jul 17 2026,14579
Fri Jul 17 2026,14579
Fri Jul 17 2026,14579
Fri Jul 17 2026,14579
Fri Jul 17 2026,14579
Fri Jul 17 2026,14579
Fri Jul 17 2026,14579
Fri Jul 17 2026,14579
Fri Jul 17 2026,14579
Fri Jul 17 2026,14579
Fri Jul 17 2026,14579
Fri Jul 17 2026,14579
Fri Jul 17 2026,14579
Fri Jul 17 2026,14579
Fri Jul 17 2026,14579
Fri Jul 17 2026,14579
Fri Jul 17 2026,14579
Fri Jul 17 2026,14579
Fri Jul 17 2026,14579
Fri Jul 17 2026,14579
Fri Jul 17 2026,14579
Fri Jul 17 2026,14579
Fri Jul 17 2026,14579
Fri Jul 17 2026,14579
Fri Jul 17 2026,14579
Fri Jul 17 2026,14579
Fri Jul 17 2026,14579
Fri Jul 17 2026,14579
Fri Jul 17 2026,14579
Fri Jul 17 2026,14579
Fri Jul 17 2026,14579
Fri Jul 17 2026,14579
Fri Jul 17 2026,14579
Fri Jul 17 2026,14579
Fri Jul 17 2026,14579
Fri Jul 17 2026,14579
Fri Jul 17 2026,14579
Fri Jul 17 2026,14579
Fri Jul 17 2026,14579
Fri Jul 17 2026,14579
Fri Jul 17 2026,14579
Fri Jul 17 2026,14579
Fri Jul 17 2026,14579
Fri Jul 17 2026,14579
Fri Jul 17 2026,14579
Fri Jul 17 2026,14579
Fri Jul 17 2026,14579
Fri Jul 17 2026,14579
Fri Jul 17 2026,14579
Fri Jul 17 2026,14579
Fri Jul 17 2026,14579
Fri Jul 17 2026,14579
Fri Jul 17 2026,14579
Fri Jul 17 2026,14579
Fri Jul 17 2026,14579
Fri Jul 17 2026,14579
Fri Jul 17 2026,14579
Fri Jul 17 2026,14579
Fri Jul 17 2026,14579
Fri Jul 17 2026,14579
Fri Jul 17 2026,1296
Fri Jul 17 2026,1296
Fri Jul 17 2026,1296
Fri Jul 17 2026,1296
Fri Jul 17 2026,1296
Fri Jul 17 2026,1296
Fri Jul 17 2026,1296
Fri Jul 17 2026,1296
Fri Jul 17 2026,1296
Fri Jul 17 2026,1296
Fri Jul 17 2026,1296
Fri Jul 17 2026,1296
Fri Jul 17 2026,1296
Fri Jul 17 2026,1296
Fri Jul 17 2026,1296
Fri Jul 17 2026,1296
Fri Jul 17 2026,0